{
    "latencia": [
        52.1550178527832,
        57.17277526855469,
        51.03158950805664,
        60.22047996520996,
        61.69939041137695,
        50.33421516418457,
        64.79811668395996,
        53.665876388549805,
        49.21317100524902,
        55.127859115600586,
        54.598331451416016,
        47.86038398742676,
        62.22963333129883,
        49.64089393615723
    ],
    "throughput": [
        0.0,
        892.0329608006672,
        999.380981302735,
        846.8879694991349,
        826.5883934988756,
        1013.2272815547777,
        794.776185412627,
        966.2963944106415,
        1036.3079427367197,
        913.0289864474267,
        912.1157858883328,
        1031.4091164961092,
        787.4062143212903,
        980.8910321987855
    ]
}