{
    "latencia": [
        60.624122619628906,
        64.16893005371094,
        53.21860313415527,
        57.858943939208984,
        61.61642074584961,
        51.390886306762695,
        52.48570442199707,
        56.113481521606445,
        538.4223461151123,
        1016.3586139678955,
        1317.8949356079102,
        959.031343460083,
        1297.682285308838,
        723.2661247253418,
        1173.7253665924072,
        1630.2807331085205,
        2055.1533699035645,
        2524.5070457458496,
        2981.426000595093,
        3424.398899078369
    ],
    "throughput": [
        0.0,
        1745.392979223018,
        2110.790714483047,
        1941.5033473711392,
        1817.6972736207524,
        2167.699528181527,
        2140.2653269192624,
        1988.3177009515634,
        208.01514054555028,
        110.6346154783476,
        85.8186771526138,
        117.63763779726513,
        87.07832516424227,
        156.3420699674877,
        96.03122580669873,
        69.19053737752257,
        54.98373097347104,
        44.761213952807516,
        37.957228066059194,
        33.04460083995969
    ]
}