{
    "latencia": [
        53.30324172973633,
        63.45629692077637,
        53.22456359863281,
        61.574697494506836,
        57.93929100036621,
        62.40725517272949,
        60.31680107116699,
        63.760995864868164,
        67.6887035369873,
        51.38897895812988,
        51.134586334228516,
        57.314157485961914,
        52.03652381896973
    ],
    "throughput": [
        0.0,
        1922.58303620071,
        2292.174735710446,
        1986.7468020325532,
        2109.967137830998,
        1948.4913999732573,
        2006.0745571906857,
        1917.8764796095793,
        1813.4488265523569,
        2404.320110275488,
        2421.0619245223197,
        2166.6866203561367,
        2394.7676645140646
    ]
}